Unnamed: 0,Countryname,Population,Totaltests,Deathrate
204,USA,330827597,16757246,5.836071736656788
160,Russia,145928996,10000061,1.1284160124657203
203,UK,67853964,4043686,14.070023818126847
76,Germany,83760156,3952971,4.6956873330091415
100,Italy,60469504,3755279,14.307550549412696
183,Spain,46753197,3556567,9.4946856926804
93,India,1378752175,3483838,2.870465903130422
202,UAE,9879229,2110493,0.7838408200180885
200,Turkey,84254857,1964364,2.7689365901801133
35,Canada,37711800,1593377,7.807361002349255
10,Australia,25472297,1397622,1.4359403317998047
70,France,65260761,1384633,15.36864077929724
154,Peru,32928451,928797,2.891119277184915
209,Venezuela,28442842,897695,0.8289374529012812
95,Iran,83892015,896571,5.234270597540021
163,S. Korea,51265321,885120,2.3592352218908963
156,Poland,37850199,873456,4.5389764629669616
26,Brazil,212422152,871839,6.0602694193685975
18,Belgium,11585114,836879,16.241539070977076
157,Portugal,10199255,795838,4.329180492080386
171,Saudi Arabia,34762153,787465,0.5601350194457354
104,Kazakhstan,18755722,761727,0.3725332259363673
181,South Africa,59238562,680175,2.0896032831737346
54,Denmark,5790388,606574,4.899508323988614
99,Israel,9197590,565311,1.6718667216106435
41,Chile,19101165,546506,1.0415057702067565
149,Pakistan,220474171,520017,2.0569126007371774
122,Malaysia,32327063,519944,1.4873254009311951
17,Belarus,9449593,512418,0.5495044647237759
208,Uzbekistan,33423219,460000,0.40369088811995385
11,Austria,9001768,434302,4.010807565295707
51,Czechia,10707231,430564,3.4749455337690627
159,Romania,19248434,421451,6.574649668106628
190,Switzerland,8648865,390697,6.22486051641365
195,Thailand,69784490,375453,1.8530559167750331
141,Netherlands,17131525,348256,12.858257815548715
206,Ukraine,43755845,337318,2.9766340800490987
176,Singapore,5846144,334691,0.06792675723567633
155,Philippines,109443743,332689,5.663099675363712
97,Ireland,4932656,325795,6.6127994854478205
14,Bahrain,1695292,304179,0.1435544071202986
94,Indonesia,273255522,300545,6.027918781725888
115,Lithuania,2725331,294091,4.0914560770156445
15,Bangladesh,164537836,287067,1.3584165810848658
12,Azerbaijan,10130782,284669,1.1625576267789135
43,Colombia,50832596,283346,3.240558227548687
106,Kuwait,4264573,282341,0.7703303684879289
102,Japan,126509583,281293,5.196907031109513
143,New Zealand,5002100,275852,1.4627659574468086
147,Norway,5417374,245352,2.8021847542151512
130,Mexico,128807241,244858,11.110565110565114
173,Serbia,8740364,239234,2.1314074335036106
189,Sweden,10093573,238800,11.925649742296304
158,Qatar,2876377,212897,0.06804392613453795
96,Iraq,40132981,211485,3.1500085135365232
77,Ghana,31009181,208328,0.4464285714285714
90,Hong Kong,7491423,202930,0.3703703703703704
136,Morocco,36869708,190061,2.6186155042779364
91,Hungary,9662456,180152,13.460036448841448
103,Jordan,10193780,180119,1.2328767123287672
69,Finland,5539963,179400,4.634002361275089
79,Greece,10427362,174844,6.015812994156067
140,Nepal,29086128,169632,0.4950495049504951
178,Slovakia,5459411,167562,1.8421052631578945
7,Argentina,45157642,150486,3.468915793769555
60,Egypt,102146819,135000,3.9806176976723124
128,Mauritius,1271582,114236,2.985074626865672
59,Ecuador,17617555,113808,8.643799745923102
50,Cyprus,1206560,111270,1.8046709129511682
107,Kyrgyzstan,6513873,109521,0.9626955475330928
109,Latvia,1887898,106931,2.255639097744361
65,Ethiopia,114677457,101581,0.8264462809917356
48,Cuba,11327216,101108,4.089775561097256
61,El Salvador,6483267,84650,1.8437225636523267
64,Estonia,1326457,81719,3.604088219472835
110,Lebanon,6828038,80239,2.2184300341296934
29,Bulgaria,6952801,79389,5.472837022132797
179,Slovenia,2078913,79284,7.331975560081466
58,Dominican Republic,10837859,76930,2.9520295202952034
105,Kenya,53654106,74003,3.5530085959885387
116,Luxembourg,625003,72996,2.741774675972084
148,Oman,5093528,72000,0.40733197556008144
192,Taiwan,23812979,71750,1.5837104072398192
125,Malta,441439,66664,1.461038961038961
47,Croatia,4107393,65509,4.587973273942094
24,Bosnia,3282532,63596,6.156941649899397
151,Panama,4308282,63202,2.6378699200395683
184,Sri Lanka,21405231,60878,0.6418485237483954
92,Iceland,341043,60491,0.554016620498615
146,Nigeria,205626178,58726,2.9052159282108807
8,Armenia,2962755,56042,1.3831258644536653
75,Georgia,3989827,53618,1.6085790884718498
199,Tunisia,11807164,50380,4.481792717086835
150,Palestine,5089600,44876,0.672645739910314
207,Uruguay,3472659,41469,2.7127003699136867
131,Moldova,4034769,40565,3.64741641337386
172,Senegal,16699197,39499,1.1956838728492272
214,Zimbabwe,14842405,37039,2.684563758389262
0,Afghanistan,38841361,35923,1.8010103228640455
83,Guatemala,17883425,31427,1.8399264029438824
20,Benin,12091039,30817,1.3392857142857142
153,Paraguay,7124337,28337,1.1995637949836424
119,Macedonia,2083381,27684,5.918271488961954
52,Côte d'Ivoire,26312643,26021,1.2116622491480502
46,Costa Rica,5089842,25503,0.9784735812133072
56,Djibouti,986638,25257,0.6863417982155113
213,Zambia,18331278,24275,0.6622516556291391
138,Myanmar,54376742,23951,2.898550724637681
23,Bolivia,11657999,22294,3.4935018480982483
28,Brunei,437093,18962,1.4184397163120568
197,Togo,8259373,18696,3.080568720379147
162,Réunion,894731,17200,0.2127659574468085
89,Honduras,9889552,14790,4.1245791245791255
84,Guinea,13096527,14407,0.6191950464396285
1,Albania,2878069,14269,3.0027297543221114
73,Gabon,2220492,12669,0.5758946935417524
123,Maldives,539625,11775,0.3304692663582287
38,Central African Republic,4821674,11570,0.13245033112582782
101,Jamaica,2960012,11460,1.5817223198594026
37,Cayman Islands,65650,10466,0.7142857142857143
40,Channel Islands,173716,10255,8.035714285714286
120,Madagascar,27619112,10249,0.7163323782234957
134,Montenegro,628059,10167,2.7777777777777777
137,Mozambique,31165836,10001,0.8547008547008548
21,Bermuda,62298,6941,6.428571428571428
145,Niger,24112822,6020,6.701570680628272
129,Mayotte,272156,5200,1.2360211889346673
113,Libyan Arab Jamahiriya,6862479,5154,4.23728813559322
188,Swaziland,1159052,4994,0.7168458781362007
98,Isle of Man,84993,4756,7.142857142857142
169,San Marino,33925,4382,6.259314456035768
3,Andorra,77254,3750,6.675392670157068
82,Guadeloupe,400118,3573,8.695652173913043
124,Mali,20190889,3483,5.95432300163132
87,Haiti,11389523,3475,2.4255024255024256
121,Malawi,19079984,3372,1.9704433497536944
182,South Sudan,11181480,3356,1.0060362173038229
198,Trinidad and Tobago,1399086,3115,6.896551724137932
127,Mauritania,4637273,2583,4.728132387706856
9,Aruba,106726,2105,2.9702970297029703
13,Bahamas,392898,2050,10.891089108910892
86,Guyana,786212,1559,7.333333333333332
85,Guinea-Bissau,1963357,1500,0.6694560669456067
32,Cabo Verde,555426,1307,1.0256410256410255
