Countryname,Countrycodeiso2,Countrycodeiso3,Continent,Population,Totaltests,Totalaffected,Totaldeaths,Totalrecovered,Active,Critical,Deathrate,Tests per million,Affected per million,Deaths per million,Recovered per million
Afghanistan,AF,AFG,Asia,38841361,35923,13659,246,1259,12154,19,1.8010103228640457,925,352,6,32.41
Albania,AL,ALB,Europe,2878069,14269,1099,33,851,215,5,3.002729754322111,4958,382,11,295.68
Algeria,DZ,DZA,Africa,43774437,0,9134,638,5422,3074,34,6.984891613750821,0,209,15,123.86
Andorra,AD,AND,Europe,77254,3750,764,51,684,29,4,6.675392670157068,48541,9889,660,8853.91
Angola,AO,AGO,Africa,32759848,10000,74,4,18,52,0,5.405405405405405,305,2,0.1,0.55
Anguilla,AI,AIA,North America,14991,41,3,0,3,0,0,0.0,2735,200,0,200.12
Antigua and Barbuda,AG,ATG,North America,97855,183,25,3,19,3,1,12.0,1870,255,31,194.16
Argentina,AR,ARG,South America,45157642,150486,14702,510,4788,9404,171,3.468915793769555,3332,326,11,106.03
Armenia,AM,ARM,Asia,2962755,56042,8676,120,3297,5259,10,1.3831258644536653,18916,2928,41,1112.82
Aruba,AW,ABW,North America,106726,2105,101,3,98,0,0,2.9702970297029703,19723,946,28,918.24
Australia,AU,AUS,Australia/Oceania,25472297,1397622,7173,103,6582,488,4,1.4359403317998047,54868,282,4,258.4
Austria,AT,AUT,Europe,9001768,434302,16655,668,15347,640,25,4.010807565295707,48246,1850,74,1704.89
Azerbaijan,AZ,AZE,Asia,10130782,284669,4989,58,3125,1806,42,1.1625576267789137,28099,492,6,308.47
Bahamas,BS,BHS,North America,392898,2050,101,11,47,43,1,10.891089108910892,5218,257,28,119.62
Bahrain,BH,BHR,Asia,1695292,304179,10449,15,5700,4734,9,0.1435544071202986,179426,6164,9,3362.25
Bangladesh,BD,BGD,Asia,164537836,287067,42844,582,9015,33247,1,1.3584165810848658,1745,260,4,54.79
Barbados,BB,BRB,North America,287344,5201,92,7,76,9,1,7.608695652173914,18100,320,24,264.49
Belarus,BY,BLR,Europe,9449593,512418,40764,224,17390,23150,92,0.5495044647237759,54226,4314,24,1840.29
Belgium,BE,BEL,Europe,11585114,836879,58061,9430,15682,32949,187,16.241539070977076,72237,5012,814,1353.63
Belize,BZ,BLZ,North America,396929,1572,18,2,16,0,0,11.11111111111111,3960,45,5,40.31
Benin,BJ,BEN,Africa,12091039,30817,224,3,136,85,0,1.3392857142857142,2549,19,0.2,11.25
Bermuda,BM,BMU,North America,62298,6941,140,9,92,39,2,6.428571428571428,111416,2247,144,1476.77
Bhutan,BT,BTN,Asia,770818,16547,31,0,6,25,0,0.0,21467,40,0,7.78
Bolivia,BO,BOL,South America,11657999,22294,8387,293,738,7356,3,3.4935018480982474,1912,719,25,63.3
Bosnia,BA,BIH,Europe,3282532,63596,2485,153,1803,529,4,6.156941649899396,19374,757,47,549.27
Botswana,BW,BWA,Africa,2346977,17991,35,1,20,14,0,2.857142857142857,7666,15,0.4,8.52
Brazil,BR,BRA,South America,212422152,871839,450079,27276,193181,229622,8318,6.060269419368599,4104,2119,128,909.42
British Virgin Islands,VG,VGB,North America,30213,167,8,1,7,0,0,12.5,5527,265,33,231.69
Brunei,BN,BRN,Asia,437093,18962,141,2,138,1,2,1.4184397163120568,43382,323,5,315.72
Bulgaria,BG,BGR,Europe,6952801,79389,2485,136,1016,1333,22,5.472837022132797,11418,357,20,146.13
Burkina Faso,BF,BFA,Africa,20844819,0,847,53,719,75,0,6.257378984651712,0,41,3,34.49
Burundi,BI,BDI,Africa,11854190,284,42,1,20,21,0,2.380952380952381,24,4,0.08,1.69
Cabo Verde,CV,CPV,Africa,555426,1307,390,4,155,231,0,1.0256410256410255,2353,702,7,279.07
Cambodia,KH,KHM,Asia,16697111,19457,124,0,122,2,1,0.0,1165,7,0,7.31
Cameroon,CM,CMR,Africa,26479422,0,5436,177,3326,1933,28,3.2560706401766004,0,205,7,125.61
Canada,CA,CAN,North America,37711800,1593377,89390,6979,47443,34968,1613,7.807361002349255,42251,2370,185,1258.04
Caribbean Netherlands,BQ,BES,North America,26201,424,6,0,6,0,0,0.0,16183,229,0,229
Cayman Islands,KY,CYM,North America,65650,10466,140,1,67,72,0,0.7142857142857143,159421,2133,15,1020.56
Central African Republic,CF,CAF,Africa,4821674,11570,755,1,23,731,0,0.13245033112582782,2400,157,0.2,4.77
Chad,TD,TCD,Africa,16377454,0,759,65,444,250,0,8.563899868247695,0,46,4,27.11
Channel Islands,JE,JEY,Europe,173716,10255,560,45,512,3,0,8.035714285714286,59033,3224,259,2947.34
Chile,CL,CHL,South America,19101165,546506,90638,944,38598,51096,1350,1.0415057702067565,28611,4745,49,2020.71
China,CN,CHN,Asia,1439323776,0,82995,4634,78291,70,4,5.583468883667691,0,58,3,54.39
Colombia,CO,COL,South America,50832596,283346,25366,822,6665,17879,136,3.240558227548687,5574,499,16,131.12
Comoros,KM,COM,Africa,867776,0,87,2,24,61,0,2.2988505747126435,0,100,2,27.66
Congo,CG,COG,Africa,5504452,0,571,19,161,391,0,3.327495621716287,0,104,3,29.25
Costa Rica,CR,CRI,North America,5089842,25503,1022,10,653,359,2,0.9784735812133072,5011,201,2,128.29
Croatia,HR,HRV,Europe,4107393,65509,2245,103,2059,83,4,4.587973273942094,15949,547,25,501.29
Cuba,CU,CUB,North America,11327216,101108,2005,82,1760,163,3,4.089775561097256,8926,177,7,155.38
Curaçao,CW,CUW,North America,164033,572,18,1,14,3,0,5.555555555555555,3487,110,6,85.35
Cyprus,CY,CYP,Asia,1206560,111270,942,17,784,141,4,1.8046709129511678,92221,781,14,649.78
Czechia,CZ,CZE,Europe,10707231,430564,9180,319,6498,2363,19,3.474945533769063,40212,857,30,606.88
Côte d'Ivoire,CI,CIV,Africa,26312643,26021,2641,32,1326,1283,0,1.21166224914805,989,100,1,50.39
DRC,CD,COD,Africa,89279074,0,2833,69,400,2364,0,2.435580656547829,0,32,0.8,4.48
Denmark,DK,DNK,Europe,5790388,606574,11593,568,10240,785,18,4.899508323988614,104755,2002,98,1768.45
Diamond Princess,,,,0,0,712,13,651,48,4,1.8258426966292134,0,0,0,0
Djibouti,DJ,DJI,Africa,986638,25257,2914,20,1241,1653,0,0.6863417982155113,25599,2953,20,1257.81
Dominica,DM,DMA,North America,71970,433,16,0,16,0,0,0.0,6016,222,0,222.31
Dominican Republic,DO,DOM,North America,10837859,76930,16531,488,9266,6777,106,2.952029520295203,7098,1525,45,854.97
Ecuador,EC,ECU,South America,17617555,113808,38571,3334,19190,16047,220,8.643799745923102,6460,2189,189,1089.25
Egypt,EG,EGY,Africa,102146819,135000,22082,879,5511,15692,41,3.9806176976723124,1322,216,9,53.95
El Salvador,SV,SLV,North America,6483267,84650,2278,42,1015,1221,30,1.8437225636523267,13057,351,6,156.56
Equatorial Guinea,GQ,GNQ,Africa,1398140,854,1306,12,200,1094,0,0.9188361408882083,611,934,9,143.05
Eritrea,ER,ERI,Africa,3541785,0,39,0,39,0,0,0.0,0,11,0,11.01
Estonia,EE,EST,Europe,1326457,81719,1859,67,1610,182,0,3.604088219472835,61607,1401,51,1213.76
Ethiopia,ET,ETH,Africa,114677457,101581,968,8,197,763,4,0.8264462809917356,886,8,0.07,1.72
Falkland Islands (Malvinas),FK,FLK,South America,3470,503,13,0,13,0,0,0.0,144957,3746,0,3746.4
Faroe Islands,FO,FRO,Europe,48846,9568,187,0,187,0,0,0.0,195881,3828,0,3828.36
Fiji,FJ,FJI,Australia/Oceania,895854,2431,18,0,15,3,0,0.0,2714,20,0,16.74
Finland,FI,FIN,Europe,5539963,179400,6776,314,5500,962,10,4.634002361275089,32383,1223,57,992.79
France,FR,FRA,Europe,65260761,1384633,186835,28714,67803,90318,1361,15.368640779297241,21217,2863,440,1038.96
French Guiana,GF,GUF,South America,297899,0,436,1,161,274,2,0.22935779816513763,0,1464,3,540.45
French Polynesia,PF,PYF,Australia/Oceania,280762,4006,60,0,60,0,0,0.0,14268,214,0,213.7
Gabon,GA,GAB,Africa,2220492,12669,2431,14,668,1749,15,0.5758946935417524,5705,1095,6,300.83
Gambia,GM,GMB,Africa,2409718,1730,25,1,19,5,0,4.0,718,10,0.4,7.88
Georgia,GE,GEO,Asia,3989827,53618,746,12,576,158,6,1.6085790884718498,13439,187,3,144.37
Germany,DE,DEU,Europe,83760156,3952971,183019,8594,164100,10325,729,4.695687333009141,47194,2185,103,1959.17
Ghana,GH,GHA,Africa,31009181,208328,7616,34,2421,5161,17,0.4464285714285714,6718,246,1,78.07
Gibraltar,GI,GIB,Europe,33692,7315,161,0,148,13,0,0.0,217114,4779,0,4392.73
Greece,GR,GRC,Europe,10427362,174844,2909,175,1374,1360,16,6.015812994156067,16768,279,17,131.77
Greenland,GL,GRL,North America,56761,2030,13,0,11,2,0,0.0,35764,229,0,193.8
Grenada,GD,GRD,North America,112476,3007,23,0,18,5,4,0.0,26735,204,0,160.03
Guadeloupe,GP,GLP,North America,400118,3573,161,14,115,32,3,8.695652173913043,8930,402,35,287.42
Guatemala,GT,GTM,North America,17883425,31427,4348,80,565,3703,5,1.8399264029438822,1757,243,4,31.59
Guinea,GN,GIN,Africa,13096527,14407,3553,22,1950,1581,24,0.6191950464396285,1100,271,2,148.89
Guinea-Bissau,GW,GNB,Africa,1963357,1500,1195,8,42,1145,0,0.6694560669456067,764,609,4,21.39
Guyana,GY,GUY,South America,786212,1559,150,11,67,72,2,7.333333333333333,1983,191,14,85.22
Haiti,HT,HTI,North America,11389523,3475,1443,35,22,1386,0,2.4255024255024256,305,127,3,1.93
Holy See (Vatican City State),VA,VAT,Europe,801,0,12,0,2,10,0,0.0,0,14981,0,2496.88
Honduras,HN,HND,North America,9889552,14790,4752,196,519,4037,13,4.124579124579125,1496,481,20,52.48
Hong Kong,HK,HKG,Asia,7491423,202930,1080,4,1035,41,1,0.3703703703703704,27088,144,0.5,138.16
Hungary,HU,HUN,Europe,9662456,180152,3841,517,2024,1300,24,13.460036448841448,18645,398,54,209.47
Iceland,IS,ISL,Europe,341043,60491,1805,10,1794,1,0,0.554016620498615,177371,5293,29,5260.33
India,IN,IND,Asia,1378752175,3483838,173491,4980,82627,85884,8944,2.870465903130422,2527,126,4,59.93
Indonesia,ID,IDN,Asia,273255522,300545,25216,1520,6492,17204,0,6.027918781725888,1100,92,6,23.76
Iran,IR,IRN,Asia,83892015,896571,146668,7677,114931,24060,2547,5.234270597540022,10687,1748,92,1369.99
Iraq,IQ,IRQ,Asia,40132981,211485,5873,185,3044,2644,45,3.1500085135365232,5270,146,5,75.85
Ireland,IE,IRL,Europe,4932656,325795,24876,1645,22089,1142,47,6.6127994854478205,66049,5043,333,4478.11
Isle of Man,IM,IMN,Europe,84993,4756,336,24,309,3,0,7.142857142857142,55958,3953,282,3635.59
Israel,IL,ISR,Asia,9197590,565311,16987,284,14776,1927,37,1.6718667216106435,61463,1847,31,1606.51
Italy,IT,ITA,Europe,60469504,3755279,232248,33229,152844,46175,475,14.307550549412698,62102,3841,550,2527.62
Jamaica,JM,JAM,North America,2960012,11460,569,9,284,276,2,1.5817223198594026,3872,192,3,95.95
Japan,JP,JPN,Asia,126509583,281293,16683,867,14147,1669,136,5.196907031109513,2223,132,7,111.83
Jordan,JO,JOR,Asia,10193780,180119,730,9,507,214,5,1.2328767123287672,17670,72,0.9,49.74
Kazakhstan,KZ,KAZ,Asia,18755722,761727,9932,37,5057,4838,62,0.3725332259363673,40613,530,2,269.62
Kenya,KE,KEN,Africa,53654106,74003,1745,62,438,1245,7,3.553008595988539,1379,33,1,8.16
Kuwait,KW,KWT,Asia,4264573,282341,25184,194,9273,15717,191,0.7703303684879289,66206,5905,45,2174.43
Kyrgyzstan,KG,KGZ,Asia,6513873,109521,1662,16,1088,558,4,0.9626955475330927,16813,255,2,167.03
Lao People's Democratic Republic,LA,LAO,Asia,7265550,6141,19,0,16,3,0,0.0,845,3,0,2.2
Latvia,LV,LVA,Europe,1887898,106931,1064,24,745,295,3,2.2556390977443606,56640,564,13,394.62
Lebanon,LB,LBN,Asia,6828038,80239,1172,26,705,441,6,2.218430034129693,11751,172,4,103.25
Lesotho,LS,LSO,Africa,2140699,283,2,0,1,1,0,0.0,132,0.9,0,0.47
Liberia,LR,LBR,Africa,5045821,0,273,27,146,100,0,9.89010989010989,0,54,5,28.93
Libyan Arab Jamahiriya,LY,LBY,Africa,6862479,5154,118,5,41,72,0,4.23728813559322,751,17,0.7,5.97
Liechtenstein,LI,LIE,Europe,38118,900,82,1,55,26,0,1.2195121951219512,23611,2151,26,1442.89
Lithuania,LT,LTU,Europe,2725331,294091,1662,68,1216,378,17,4.0914560770156445,107910,610,25,446.18
Luxembourg,LU,LUX,Europe,625003,72996,4012,110,3815,87,4,2.741774675972084,116793,6419,176,6103.97
MS Zaandam,,,,0,0,9,2,0,7,0,22.22222222222222,0,0,0,0
Macao,MO,MAC,Asia,648500,0,45,0,45,0,0,0.0,0,69,0,69.39
Macedonia,MK,MKD,Europe,2083381,27684,2129,126,1516,487,21,5.918271488961954,13288,1022,60,727.66
Madagascar,MG,MDG,Africa,27619112,10249,698,5,164,529,9,0.7163323782234957,371,25,0.2,5.94
Malawi,MW,MWI,Africa,19079984,3372,203,4,42,157,1,1.9704433497536946,177,11,0.2,2.2
Malaysia,MY,MYS,Asia,32327063,519944,7732,115,6235,1382,8,1.4873254009311951,16084,239,4,192.87
Maldives,MV,MDV,Asia,539625,11775,1513,5,197,1311,9,0.3304692663582287,21821,2804,9,365.07
Mali,ML,MLI,Africa,20190889,3483,1226,73,669,484,0,5.954323001631321,173,61,4,33.13
Malta,MT,MLT,Europe,441439,66664,616,9,514,93,1,1.461038961038961,151015,1395,20,1164.37
Martinique,MQ,MTQ,North America,375290,0,197,14,91,92,0,7.1065989847715745,0,525,37,242.48
Mauritania,MR,MRT,Africa,4637273,2583,423,20,21,382,0,4.7281323877068555,557,91,4,4.53
Mauritius,MU,MUS,Africa,1271582,114236,335,10,322,3,0,2.9850746268656714,89838,263,8,253.23
Mayotte,YT,MYT,Africa,272156,5200,1699,21,1385,293,9,1.2360211889346673,19107,6243,77,5088.99
Mexico,MX,MEX,North America,128807241,244858,81400,9044,56638,15718,378,11.110565110565112,1901,632,70,439.71
Moldova,MD,MDA,Europe,4034769,40565,7896,288,4278,3330,256,3.64741641337386,10054,1957,71,1060.28
Monaco,MC,MCO,Europe,39217,0,98,4,90,4,2,4.081632653061225,0,2499,102,2294.92
Mongolia,MN,MNG,Asia,3273239,13594,179,0,43,136,11,0.0,4153,55,0,13.14
Montenegro,ME,MNE,Europe,628059,10167,324,9,315,0,0,2.7777777777777777,16188,516,14,501.55
Montserrat,MS,MSR,North America,4992,36,11,1,10,0,0,9.090909090909092,7212,2204,200,2003.21
Morocco,MA,MAR,Africa,36869708,190061,7714,202,5271,2241,1,2.6186155042779364,5155,209,5,142.96
Mozambique,MZ,MOZ,Africa,31165836,10001,234,2,84,148,0,0.8547008547008548,321,8,0.06,2.7
Myanmar,MM,MMR,Asia,54376742,23951,207,6,130,71,0,2.898550724637681,440,4,0.1,2.39
Namibia,NA,NAM,Africa,2536452,3412,23,0,14,9,0,0.0,1345,9,0,5.52
Nepal,NP,NPL,Asia,29086128,169632,1212,6,206,1000,0,0.49504950495049505,5832,42,0.2,7.08
Netherlands,NL,NLD,Europe,17131525,348256,46126,5931,0,40195,180,12.858257815548715,20328,2692,346,0
New Caledonia,NC,NCL,Australia/Oceania,285245,6416,19,0,18,1,0,0.0,22493,67,0,63.1
New Zealand,NZ,NZL,Australia/Oceania,5002100,275852,1504,22,1481,1,0,1.4627659574468086,55147,301,4,296.08
Nicaragua,NI,NIC,North America,6617193,0,759,35,370,354,0,4.61133069828722,0,115,5,55.91
Niger,NE,NER,Africa,24112822,6020,955,64,803,88,0,6.701570680628273,250,40,3,33.3
Nigeria,NG,NGA,Africa,205626178,58726,8915,259,2592,6064,7,2.9052159282108807,286,43,1,12.61
Norway,NO,NOR,Europe,5417374,245352,8422,236,7727,459,8,2.802184754215151,45290,1555,44,1426.34
Oman,OM,OMN,Asia,5093528,72000,9820,40,2396,7384,31,0.40733197556008144,14136,1928,8,470.4
Pakistan,PK,PAK,Asia,220474171,520017,64028,1317,22305,40406,111,2.0569126007371774,2359,290,6,101.17
Palestine,PS,PSE,Asia,5089600,44876,446,3,368,75,0,0.672645739910314,8817,88,0.6,72.3
Panama,PA,PAN,North America,4308282,63202,12131,320,7379,4432,72,2.6378699200395683,14670,2816,74,1712.75
Papua New Guinea,PG,PNG,Australia/Oceania,8930545,2402,8,0,8,0,0,0.0,269,0.9,0,0.9
Paraguay,PY,PRY,South America,7124337,28337,917,11,413,493,1,1.1995637949836424,3977,129,2,57.97
Peru,PE,PER,South America,32928451,928797,141779,4099,59442,78238,926,2.891119277184915,28207,4306,124,1805.19
Philippines,PH,PHL,Asia,109443743,332689,16634,942,3720,11972,81,5.663099675363712,3040,152,9,33.99
Poland,PL,POL,Europe,37850199,873456,23155,1051,10692,11412,160,4.538976462966962,23077,612,28,282.48
Portugal,PT,PRT,Europe,10199255,795838,31946,1383,18911,11652,66,4.329180492080386,78029,3132,136,1854.16
Qatar,QA,QAT,Asia,2876377,212897,52907,36,20604,32267,216,0.06804392613453795,74016,18394,13,7163.18
Romania,RO,ROU,Europe,19248434,421451,18982,1248,12829,4905,182,6.574649668106628,21895,986,65,666.5
Russia,RU,RUS,Europe,145928996,10000061,387623,4374,159257,223992,2300,1.1284160124657205,68527,2656,30,1091.33
Rwanda,RW,RWA,Africa,12919954,65608,355,0,247,108,0,0.0,5078,27,0,19.12
Réunion,RE,REU,Africa,894731,17200,470,1,411,58,1,0.2127659574468085,19224,525,1,459.36
S. Korea,KR,KOR,Asia,51265321,885120,11402,269,10363,770,15,2.3592352218908963,17265,222,5,202.14
Saint Kitts and Nevis,KN,KNA,North America,53165,394,15,0,15,0,0,0.0,7411,282,0,282.14
Saint Lucia,LC,LCA,North America,183552,1012,18,0,18,0,0,0.0,5513,98,0,98.06
Saint Martin,MF,MAF,North America,38603,553,40,3,33,4,1,7.5,14325,1036,78,854.86
Saint Pierre Miquelon,PM,SPM,North America,5796,0,1,0,1,0,0,0.0,0,173,0,172.53
Saint Vincent and the Grenadines,VC,VCT,North America,110909,472,25,0,14,11,0,0.0,4256,225,0,126.23
San Marino,SM,SMR,Europe,33925,4382,671,42,344,285,1,6.259314456035768,129167,19779,1238,10140.01
Sao Tome and Principe,ST,STP,Africa,218764,175,458,12,68,378,0,2.6200873362445414,800,2094,55,310.84
Saudi Arabia,SA,SAU,Asia,34762153,787465,81766,458,57013,24295,384,0.5601350194457354,22653,2352,13,1640.09
Senegal,SN,SEN,Africa,16699197,39499,3429,41,1738,1650,18,1.1956838728492272,2365,205,2,104.08
Serbia,RS,SRB,Europe,8740364,239234,11354,242,6524,4588,8,2.131407433503611,27371,1299,28,746.42
Seychelles,SC,SYC,Africa,98292,0,11,0,11,0,0,0.0,0,112,0,111.91
Sierra Leone,SL,SLE,Africa,7961085,0,829,45,386,398,0,5.42822677925211,0,104,6,48.49
Singapore,SG,SGP,Asia,5846144,334691,33860,23,19631,14206,8,0.06792675723567632,57250,5792,4,3357.94
Sint Maarten,SX,SXM,North America,42831,438,77,15,60,2,1,19.480519480519483,10226,1798,350,1400.85
Slovakia,SK,SVK,Europe,5459411,167562,1520,28,1338,154,0,1.8421052631578945,30692,278,5,245.08
Slovenia,SI,SVN,Europe,2078913,79284,1473,108,1357,8,2,7.3319755600814664,38137,709,52,652.74
Somalia,SO,SOM,Africa,15847882,0,1828,72,310,1446,2,3.938730853391685,0,115,5,19.56
South Africa,ZA,ZAF,Africa,59238562,680175,29240,611,15093,13536,128,2.0896032831737346,11482,494,10,254.78
South Sudan,SS,SSD,Africa,11181480,3356,994,10,6,978,0,1.0060362173038229,300,89,0.9,0.54
Spain,ES,ESP,Europe,46753197,3556567,285644,27121,196958,61565,617,9.494685692680399,76071,6110,580,4212.72
Sri Lanka,LK,LKA,Asia,21405231,60878,1558,10,754,794,1,0.6418485237483954,2844,73,0.5,35.23
St. Barth,BL,BLM,North America,9874,137,6,0,6,0,0,0.0,13875,608,0,607.66
Sudan,SD,SDN,Africa,43747206,401,4521,233,816,3472,0,5.15372705153727,9,103,5,18.65
Suriname,SR,SUR,South America,586149,782,12,1,9,2,0,8.333333333333332,1334,20,2,15.35
Swaziland,SZ,SWZ,Africa,1159052,4994,279,2,168,109,0,0.7168458781362007,4309,241,2,144.95
Sweden,SE,SWE,Europe,10093573,238800,36476,4350,4971,27155,289,11.925649742296304,23659,3614,431,492.49
Switzerland,CH,CHE,Europe,8648865,390697,30828,1919,28300,609,32,6.22486051641365,45173,3564,222,3272.11
Syrian Arab Republic,SY,SYR,Asia,17458055,0,122,4,43,75,0,3.278688524590164,0,7,0.2,2.46
Taiwan,TW,TWN,Asia,23812979,71750,442,7,420,15,0,1.583710407239819,3013,19,0.3,17.64
Tajikistan,TJ,TJK,Asia,9516398,0,3686,47,1769,1870,0,1.2750949538795442,0,387,5,185.89
Tanzania,TZ,TZA,Africa,59559672,0,509,21,183,305,7,4.12573673870334,0,9,0.4,3.07
Thailand,TH,THA,Asia,69784490,375453,3076,57,2945,74,59,1.8530559167750327,5380,44,0.8,42.2
Timor-Leste,TL,TLS,Asia,1316002,1290,24,0,24,0,0,0.0,980,18,0,18.24
Togo,TG,TGO,Africa,8259373,18696,422,13,197,212,0,3.080568720379147,2264,51,2,23.85
Trinidad and Tobago,TT,TTO,North America,1399086,3115,116,8,108,0,0,6.896551724137931,2226,83,6,77.19
Tunisia,TN,TUN,Africa,11807164,50380,1071,48,946,77,2,4.481792717086835,4267,91,4,80.12
Turkey,TR,TUR,Asia,84254857,1964364,162120,4489,125963,31668,662,2.7689365901801133,23315,1924,53,1495.02
Turks and Caicos Islands,TC,TCA,North America,38668,129,12,1,10,1,0,8.333333333333332,3336,310,26,258.61
UAE,AE,ARE,Asia,9879229,2110493,33170,260,17097,15813,1,0.7838408200180885,213629,3358,26,1730.6
UK,GB,GBR,Europe,67853964,4043686,271222,38161,0,233061,1559,14.070023818126847,59594,3997,562,0
USA,US,USA,North America,330827597,16757246,1787538,104322,503933,1179283,17253,5.836071736656788,50653,5403,315,1523.25
Uganda,UG,UGA,Africa,45590239,93062,317,0,69,248,0,0.0,2041,7,0,1.51
Ukraine,UA,UKR,Europe,43755845,337318,22811,679,8934,13198,267,2.976634080049099,7709,521,16,204.18
Uruguay,UY,URY,South America,3472659,41469,811,22,654,135,5,2.7127003699136867,11942,234,6,188.33
Uzbekistan,UZ,UZB,Asia,33423219,460000,3468,14,2728,726,7,0.40369088811995385,13763,104,0.4,81.62
Venezuela,VE,VEN,South America,28442842,897695,1327,11,302,1014,4,0.8289374529012812,31561,47,0.4,10.62
Vietnam,VN,VNM,Asia,97258136,275000,327,0,279,48,1,0.0,2828,3,0,2.87
Western Sahara,EH,ESH,Africa,595865,0,9,1,6,2,0,11.11111111111111,0,15,2,10.07
Yemen,YE,YEM,Asia,29760970,120,283,65,11,207,0,22.968197879858657,4,10,2,0.37
Zambia,ZM,ZMB,Africa,18331278,24275,1057,7,779,271,1,0.6622516556291391,1324,58,0.4,42.5
Zimbabwe,ZW,ZWE,Africa,14842405,37039,149,4,28,117,0,2.684563758389262,2495,10,0.3,1.89
